{"cameraMode":{"drawMode":0,"name":"Shaded","section":"Shading Mode"},"sceneLighting":true,"audioPlay":false,"sceneViewState":{"showFog":true,"showMaterialUpdate":false,"showSkybox":true,"showFlares":true,"showImageEffects":true,"showParticleSystems":true},"in2DMode":false,"pivot":{"x":4.98358154296875,"y":6.914852142333984,"z":12.847382545471192},"rotation":{"x":0.1660212278366089,"y":0.01361867319792509,"z":-0.0022926388774067165,"w":0.9860255122184753},"size":11.061467170715332,"orthographic":false}