{"cameraMode":{"drawMode":0,"name":"Shaded","section":"Shading Mode"},"sceneLighting":true,"audioPlay":false,"sceneViewState":{"showFog":true,"showMaterialUpdate":false,"showSkybox":true,"showFlares":true,"showImageEffects":true,"showParticleSystems":true},"in2DMode":false,"pivot":{"x":9.725610733032227,"y":11.551141738891602,"z":45.489013671875},"rotation":{"x":0.041479527950286868,"y":-0.9584338068962097,"z":0.2060968279838562,"w":0.19289447367191316},"size":40.090572357177737,"orthographic":false}