{"cameraMode":{"drawMode":0,"name":"Shaded","section":"Shading Mode"},"sceneLighting":true,"audioPlay":false,"sceneViewState":{"showFog":true,"showMaterialUpdate":false,"showSkybox":true,"showFlares":true,"showImageEffects":true,"showParticleSystems":true},"in2DMode":false,"pivot":{"x":9.725610733032227,"y":11.551141738891602,"z":45.489013671875},"rotation":{"x":0.21897520124912263,"y":-0.5196303725242615,"z":0.13979703187942506,"w":0.8139355182647705},"size":161.4244842529297,"orthographic":false}