{"cameraMode":{"drawMode":0,"name":"Shaded","section":"Shading Mode"},"sceneLighting":true,"audioPlay":false,"sceneViewState":{"showFog":true,"showMaterialUpdate":false,"showSkybox":true,"showFlares":true,"showImageEffects":true,"showParticleSystems":true},"in2DMode":false,"pivot":{"x":2.250659942626953,"y":18.469205856323243,"z":-9.891817092895508},"rotation":{"x":0.15437884628772736,"y":-0.09263294190168381,"z":-0.014537828043103218,"w":-0.9835522174835205},"size":45.06401443481445,"orthographic":false}