{"cameraMode":{"drawMode":0,"name":"Shaded","section":"Shading Mode"},"sceneLighting":true,"audioPlay":false,"sceneViewState":{"showFog":false,"showMaterialUpdate":false,"showSkybox":true,"showFlares":false,"showImageEffects":false,"showParticleSystems":true},"in2DMode":false,"pivot":{"x":-38.79999923706055,"y":-5.087359428405762,"z":11.352782249450684},"rotation":{"x":0.21949085593223573,"y":-0.13558968901634217,"z":0.030819036066532136,"w":0.9656549096107483},"size":114.41964721679688,"orthographic":false}