{"cameraMode":{"drawMode":0,"name":"Shaded","section":"Shading Mode"},"sceneLighting":true,"audioPlay":false,"sceneViewState":{"showFog":false,"showMaterialUpdate":false,"showSkybox":true,"showFlares":false,"showImageEffects":false,"showParticleSystems":true},"in2DMode":false,"pivot":{"x":-2.3505215644836427,"y":4.1270952224731449,"z":6.098186492919922},"rotation":{"x":-0.07482880353927612,"y":-0.051728975027799609,"z":-0.0038871201686561109,"w":0.9958462715148926},"size":7.990060806274414,"orthographic":false}