{"cameraMode":{"drawMode":0,"name":"Shaded","section":"Shading Mode"},"sceneLighting":true,"audioPlay":false,"sceneViewState":{"showFog":false,"showMaterialUpdate":false,"showSkybox":true,"showFlares":false,"showImageEffects":false,"showParticleSystems":true},"in2DMode":false,"pivot":{"x":-38.79999923706055,"y":-5.087359428405762,"z":11.352782249450684},"rotation":{"x":0.05397103726863861,"y":0.009587397798895836,"z":-0.0005185404443182051,"w":0.9984963536262512},"size":27.961444854736329,"orthographic":true}