{"cameraMode":{"drawMode":0,"name":"Shaded","section":"Shading Mode"},"sceneLighting":true,"audioPlay":false,"sceneViewState":{"showFog":false,"showMaterialUpdate":false,"showSkybox":true,"showFlares":false,"showImageEffects":false,"showParticleSystems":true},"in2DMode":false,"pivot":{"x":-38.79999923706055,"y":-5.087359428405762,"z":11.352782249450684},"rotation":{"x":0.03748299553990364,"y":-0.020983979105949403,"z":0.0007871995330788195,"w":0.9990766644477844},"size":11.775467872619629,"orthographic":true}