{"cameraMode":{"drawMode":0,"name":"Shaded","section":"Shading Mode"},"sceneLighting":true,"audioPlay":false,"sceneViewState":{"showFog":false,"showMaterialUpdate":false,"showSkybox":true,"showFlares":false,"showImageEffects":false,"showParticleSystems":true},"in2DMode":false,"pivot":{"x":-0.31232962012290957,"y":-0.7398463487625122,"z":-1.2635256052017213},"rotation":{"x":0.2126159965991974,"y":0.49808910489082339,"z":-0.12744835019111634,"w":0.8309383988380432},"size":25.426441192626954,"orthographic":true}