{"cameraMode":{"drawMode":0,"name":"Shaded","section":"Shading Mode"},"sceneLighting":true,"audioPlay":false,"sceneViewState":{"showFog":false,"showMaterialUpdate":false,"showSkybox":true,"showFlares":false,"showImageEffects":false,"showParticleSystems":true},"in2DMode":false,"pivot":{"x":-38.79999923706055,"y":-5.087359428405762,"z":11.352782249450684},"rotation":{"x":0.10305233299732208,"y":0.46653175354003909,"z":-0.05483497679233551,"w":0.8767676949501038},"size":73.8355484008789,"orthographic":true}