{"cameraMode":{"drawMode":0,"name":"Shaded","section":"Shading Mode"},"sceneLighting":true,"audioPlay":false,"sceneViewState":{"showFog":false,"showMaterialUpdate":false,"showSkybox":true,"showFlares":false,"showImageEffects":false,"showParticleSystems":true},"in2DMode":false,"pivot":{"x":6.895578384399414,"y":7.331447601318359,"z":3.232574462890625},"rotation":{"x":-0.05320974439382553,"y":-0.28216901421546938,"z":0.01567734032869339,"w":-0.9577597379684448},"size":12.147677421569825,"orthographic":false}