{"cameraMode":{"drawMode":0,"name":"Shaded","section":"Shading Mode"},"sceneLighting":false,"audioPlay":false,"sceneViewState":{"showFog":false,"showMaterialUpdate":false,"showSkybox":false,"showFlares":false,"showImageEffects":false,"showParticleSystems":true},"in2DMode":false,"pivot":{"x":6.192604064941406,"y":2.3931002616882326,"z":-1.1869534254074097},"rotation":{"x":0.037490114569664,"y":-0.0074945418164134029,"z":0.0002812855818774551,"w":0.9992688894271851},"size":4.151318073272705,"orthographic":false}